name,email,mobile
Phebe Blevins,datesunpainted@gmail.com,83650352
Alan Fuentes,foregoingabsolve@gmail.com,81295880
Paisley Galloway,ambiguousgully@gmail.com,89471352
Nannie Lara,currishdominoes@gmail.com,80358752
Jolyon Walters,lubricantimitate@gmail.com,85205096
Leyton Robin,manortoggy@gmail.com,86890448
Shoaib Blackburn,starvelingparakeet@gmail.com,86911296
Kasper Bell,blinkammonium@gmail.com,90368032
Reema Nelson,motivetocks@gmail.com,93189968
Priyanka Singh,dollisnapping@gmail.com,93897744
Cem Swanson,whisperqueen@gmail.com,98003656
Marvin Mac,prostatethomas@gmail.com,85748168
Bryony Mccormack,pointstracket@gmail.com,86077864
Isobel Sloan,internalastronomy@gmail.com,83149072
Paolo Hilton,sneezebrisket@gmail.com,91504544
Hope Felix,duckbillknee@gmail.com,86480864
Sylvia Silva,alpsfluid@gmail.com,85173736
Katlyn Fitzgerald,bellingatrophy@gmail.com,86979648
Serena Compton,sillydiscern@gmail.com,81658336
Tayah Hail,rollerowlish@gmail.com,96082960
Leona Davison,chickdreet@gmail.com,81177024
Addison Jordan,charterposh@gmail.com,89541072
Romany Andrews,phonebookovertly@gmail.com,87260208
Hadley Price,reamermoist@gmail.com,84418952
Joseff Stanley,squadchattooga@gmail.com,85744232
Neave Dorsey,hourcanon@gmail.com,92113856
Reon O'Ryan,coatiremarkable@gmail.com,95718600
Madihah Braun,viacoinlyne@gmail.com,95513512
Dayna Plummer,exclamationthirsty@gmail.com,88051384
Raees Connor,earlierworst@gmail.com,83419936
Ella-May Duke,labourgraceful@gmail.com,92117736
Zacharia Eaton,bodyreserve@gmail.com,80363936
Kajus Brady,redoxhedge@gmail.com,96356536
Darla Southern,duocaution@gmail.com,94935144
Janet Haynes,outfieldelk@gmail.com,93280136
Zayaan Berry,administrationatlai@gmail.com,94752712
Rocco Osborn,equalvouch@gmail.com,84562280
Esmee Blackmore,spreaderassistant@gmail.com,81201704
Asim Werner,walrusioxhost@gmail.com,86829088
Sumayya Hackett,saygood@gmail.com,82059960
Kristian Knapp,slicednuptials@gmail.com,83778232
Barnaby Case,linkageceans@gmail.com,85140760
Yuvraj Paine,restabsent@gmail.com,95251160
Natalia Devlin,phewsamsung@gmail.com,81075968
Ainsley Whitmore,binnacledirection@gmail.com,98883536
Liberty Fuller,drilkgetaway@gmail.com,88364872
Jenson Grainger,seminarclowder@gmail.com,84958712
Evie-Mai Nicholls,snarlingdistance@gmail.com,98813664
Kaylen Naylor,extensionhospital@gmail.com,90089392
Tracey Carson,overgrownbowling@gmail.com,86490488
Stacie Huerta,jazzybiming@gmail.com,80352376
Yasir Mackay,loopcompile@gmail.com,88321152
Kingsley Friedman,moonshineimaginary@gmail.com,99501488
Reeva Rawlings,visitoragreed@gmail.com,89450472
Louise Baldwin,fanoverdrawn@gmail.com,82883568
Edie Hodgson,quebecstatics@gmail.com,91494184
Javier Mcfarlane,sanctityinsistent@gmail.com,82682592
Amanah Peck,mineradmire@gmail.com,86806584
Jameson Potts,buoyantjusty@gmail.com,95116984
Devon Cash,dottedsixfold@gmail.com,86888672
Ella-Rose Croft,payphonesubtitles@gmail.com,85214968
Erica Curtis,foderncredibly@gmail.com,98062008
Damian Austin,shilohlandline@gmail.com,89793096
Dustin Garrett,barneyemployer@gmail.com,82533168
Nuala Reyna,jellydiagnostic@gmail.com,84262912
Dario Villalobos,fettpankey@gmail.com,87973816
Fintan Oneal,immaterialenter@gmail.com,83890680
Mack Barclay,vomitingbandita@gmail.com,93741400
Markus Ewing,fitsmonomial@gmail.com,95135288
Gabriel Alcock,fabulousaxe@gmail.com,86865496
Keaton Mills,arousalbakeshop@gmail.com,97689264
Elliott Holmes,quiverpooth@gmail.com,85924744
Suzanna Cook,stabilityrain@gmail.com,82847936
Muskaan Sargent,collectfreight@gmail.com,95939448
Sherry Cruz,galleryuranium@gmail.com,98831680
Saxon Hooper,laxfordnoxious@gmail.com,82404736
Laila Bone,freedomwizards@gmail.com,98686280
Sierra Christie,relyroses@gmail.com,97589456
Maggie Bowler,axevarden@gmail.com,91386520
Vickie Justice,librarypharmacy@gmail.com,97225568
Charley Timms,powderfew@gmail.com,81767744
Tayler Cano,preachmemory@gmail.com,90713240
Gail Peterson,sprucejoy@gmail.com,89910672
Jasmine Dickens,punksatisfying@gmail.com,92966576
Rhodri Greer,seismologylesser@gmail.com,85604280
Ubaid Key,backstabrefract@gmail.com,91024912
Kohen Cardenas,facebookjaunt@gmail.com,98511808
Lubna Greig,dukenoah@gmail.com,83554768
Bobby Mackie,erradaleprude@gmail.com,89664896
Tillie Woods,patchobligation@gmail.com,96367472
Jarrad Rangel,dovefeather@gmail.com,94910872
Izaan Witt,snowdriftblackbrook@gmail.com,82077304
Maud Scott,deodorizesmike@gmail.com,95938120
Niko Bernal,crepttopgallant@gmail.com,97025360
Tolga Mcfarland,wriggleyoga@gmail.com,99504592
Ember Kidd,skeetergaspard@gmail.com,93593992
Alaina Mayer,abbygain@gmail.com,90494488
Mahi Bostock,parentsubscript@gmail.com,91036904
Abdirahman Mcfadden,bucksumpreteen@gmail.com,89427984
Albi Vinson,jemimaalbatross@gmail.com,92949816
